{
    "choices": 31.0,
    "conflicts": 0.0,
    "constraints": 6.0,
    "time_total": 1.1294364929199219,
    "time_cpu": 0.984375,
    "time_solve": 0.1238861083984375,
    "time_unsat": 0.0,
    "time_sat": 0.1238861083984375,
    "rules": 93.0
}