{
    "choices": 232.0,
    "conflicts": 60.0,
    "constraints": 7.0,
    "num_artifacts": 60,
    "time_total": 14.561883926391602,
    "time_cpu": 22.765625,
    "time_solve": 13.505464553833008,
    "time_artifact": 0.0014381990768015385,
    "time_unsat": 0.0,
    "time_sat": 13.505464553833008,
    "rules": 341.0
}