{
    "choices": 35.0,
    "conflicts": 0.0,
    "constraints": 7.0,
    "time_total": 1.3028621673583984,
    "time_cpu": 1.125,
    "time_solve": 0.069061279296875,
    "time_unsat": 0.0,
    "time_sat": 0.06856346130371094,
    "rules": 121.0
}