{
    "choices": 32.0,
    "conflicts": 2.0,
    "constraints": 5.0,
    "rules": 126.0,
    "time": {
        "cpu": 3.21875,
        "sat": 0.5240764617919922,
        "solve": 0.5255756378173828,
        "total": 2.7280941009521484,
        "unsat": 0.0
    }
}