{
    "frequency": 440,
    "duration": 5,
    "phase_offset": 12.857142857142858,
    "modulating_frequency": 4.4,
    "modulation_index": 0.5,
    "max_amplitude": 0.5,
    "dynamic_range": 1.0,
    "singal_complexity": true,
    "choices": 35.0,
    "conflicts": 0.0,
    "constraints": 7.0,
    "time_total": 1.0591049194335938,
    "time_cpu": 1.328125,
    "time_solve": 0.1511058807373047,
    "time_unsat": 0.0,
    "time_sat": 0.1511058807373047,
    "rules": 121.0
}