{
    "frequency": 440,
    "duration": 3,
    "phase_offset": 14.999999999999998,
    "modulating_frequency": 4.4,
    "modulation_index": 0.3,
    "max_amplitude": 0.5,
    "dynamic_range": 1.0,
    "singal_complexity": true,
    "choices": 35.0,
    "conflicts": 0.0,
    "constraints": 7.0,
    "time_total": 1.0293598175048828,
    "time_cpu": 0.828125,
    "time_solve": 0.09959602355957031,
    "time_unsat": 0.0,
    "time_sat": 0.09959602355957031,
    "rules": 121.0
}