{
    "frequency": 440,
    "duration": 9,
    "phase_offset": 6.9230769230769225,
    "modulating_frequency": 4.4,
    "modulation_index": 0.9,
    "max_amplitude": 0.5,
    "dynamic_range": 1.0,
    "singal_complexity": true,
    "choices": 35.0,
    "conflicts": 0.0,
    "constraints": 7.0,
    "time_total": 1.2178955078125,
    "time_cpu": 1.5,
    "time_solve": 0.24399375915527344,
    "time_unsat": 0.0,
    "time_sat": 0.24399375915527344,
    "rules": 121.0
}