{
    "frequency": 440,
    "duration": 9,
    "phase_offset": 6.206896551724138,
    "modulating_frequency": 4.4,
    "modulation_index": 0.9,
    "max_amplitude": 0.5,
    "dynamic_range": 1.0,
    "singal_complexity": true,
    "choices": 35.0,
    "conflicts": 0.0,
    "constraints": 7.0,
    "time_total": 1.2459144592285156,
    "time_cpu": 1.40625,
    "time_solve": 0.2609443664550781,
    "time_unsat": 0.0,
    "time_sat": 0.26044464111328125,
    "rules": 121.0
}