{
    "frequency": 440,
    "duration": 5,
    "phase_offset": 12.857142857142858,
    "modulating_frequency": 4.4,
    "modulation_index": 0.5,
    "max_amplitude": 0.5,
    "dynamic_range": 1.0,
    "singal_complexity": true,
    "choices": 32.0,
    "conflicts": 0.0,
    "constraints": 7.0,
    "time_total": 1.0613040924072266,
    "time_cpu": 1.0,
    "time_solve": 0.14246559143066406,
    "time_unsat": 0.0,
    "time_sat": 0.1419677734375,
    "rules": 124.0
}