{
    "frequency": 440,
    "duration": 7,
    "phase_offset": 9.473684210526315,
    "modulating_frequency": 4.4,
    "modulation_index": 0.7,
    "max_amplitude": 0.5,
    "dynamic_range": 1.0,
    "singal_complexity": true,
    "choices": 35.0,
    "conflicts": 0.0,
    "constraints": 7.0,
    "time_total": 1.1439666748046875,
    "time_cpu": 1.375,
    "time_solve": 0.18850326538085938,
    "time_unsat": 0.0,
    "time_sat": 0.18850326538085938,
    "rules": 121.0
}