{
    "frequency": 440,
    "duration": 7,
    "phase_offset": 7.826086956521739,
    "modulating_frequency": 4.4,
    "modulation_index": 0.7,
    "max_amplitude": 0.5,
    "dynamic_range": 1.0,
    "singal_complexity": true,
    "choices": 35.0,
    "conflicts": 0.0,
    "constraints": 7.0,
    "time_total": 1.1410503387451172,
    "time_cpu": 1.09375,
    "time_solve": 0.1907215118408203,
    "time_unsat": 0.0,
    "time_sat": 0.1907215118408203,
    "rules": 121.0
}