{
    "frequency": 440,
    "duration": 5,
    "phase_offset": 13.846153846153845,
    "modulating_frequency": 4.4,
    "modulation_index": 0.5,
    "max_amplitude": 0.5,
    "dynamic_range": 1.0,
    "singal_complexity": true,
    "choices": 32.0,
    "conflicts": 0.0,
    "constraints": 7.0,
    "time_total": 1.102029800415039,
    "time_cpu": 0.96875,
    "time_solve": 0.15050125122070312,
    "time_unsat": 0.0,
    "time_sat": 0.15050125122070312,
    "rules": 124.0
}