{
    "frequency": 440,
    "duration": 7,
    "phase_offset": 9.473684210526315,
    "modulating_frequency": 4.4,
    "modulation_index": 0.7,
    "max_amplitude": 0.5,
    "dynamic_range": 1.0,
    "singal_complexity": true,
    "choices": 32.0,
    "conflicts": 0.0,
    "constraints": 7.0,
    "time_total": 1.2052688598632812,
    "time_cpu": 1.4375,
    "time_solve": 0.21421432495117188,
    "time_unsat": 0.0,
    "time_sat": 0.21421432495117188,
    "rules": 124.0
}