{
    "frequency": 440,
    "duration": 1,
    "phase_offset": 59.99999999999999,
    "modulating_frequency": 4.4,
    "modulation_index": 0.1,
    "max_amplitude": 0.5,
    "dynamic_range": 1.0,
    "singal_complexity": true,
    "choices": 35.0,
    "conflicts": 0.0,
    "constraints": 7.0,
    "time_total": 0.8756752014160156,
    "time_cpu": 0.828125,
    "time_solve": 0.05000495910644531,
    "time_unsat": 0.0,
    "time_sat": 0.05000495910644531,
    "rules": 121.0
}