{
    "frequency": 440,
    "duration": 5,
    "phase_offset": 10.588235294117647,
    "modulating_frequency": 4.4,
    "modulation_index": 0.5,
    "max_amplitude": 0.5,
    "dynamic_range": 1.0,
    "singal_complexity": true,
    "choices": 32.0,
    "conflicts": 0.0,
    "constraints": 7.0,
    "time_total": 1.0596427917480469,
    "time_cpu": 0.984375,
    "time_solve": 0.14446258544921875,
    "time_unsat": 0.0,
    "time_sat": 0.14396286010742188,
    "rules": 124.0
}