{
    "frequency": 440,
    "duration": 5,
    "phase_offset": 13.846153846153845,
    "modulating_frequency": 4.4,
    "modulation_index": 0.5,
    "max_amplitude": 0.5,
    "dynamic_range": 1.0,
    "singal_complexity": true,
    "choices": 35.0,
    "conflicts": 0.0,
    "constraints": 7.0,
    "time_total": 1.0609359741210938,
    "time_cpu": 0.9375,
    "time_solve": 0.1415233612060547,
    "time_unsat": 0.0,
    "time_sat": 0.1415233612060547,
    "rules": 121.0
}