{
    "frequency": 440,
    "duration": 5,
    "phase_offset": 10.588235294117647,
    "modulating_frequency": 4.4,
    "modulation_index": 0.5,
    "max_amplitude": 0.5,
    "dynamic_range": 1.0,
    "singal_complexity": true,
    "choices": 35.0,
    "conflicts": 0.0,
    "constraints": 7.0,
    "time_total": 1.1338233947753906,
    "time_cpu": 1.703125,
    "time_solve": 0.1485004425048828,
    "time_unsat": 0.0,
    "time_sat": 0.1485004425048828,
    "rules": 121.0
}