{
    "frequency": 440,
    "duration": 7,
    "phase_offset": 8.571428571428571,
    "modulating_frequency": 4.4,
    "modulation_index": 0.7,
    "max_amplitude": 0.5,
    "dynamic_range": 1.0,
    "singal_complexity": true,
    "choices": 32.0,
    "conflicts": 0.0,
    "constraints": 7.0,
    "time_total": 1.1337013244628906,
    "time_cpu": 1.015625,
    "time_solve": 0.18648910522460938,
    "time_unsat": 0.0,
    "time_sat": 0.18648910522460938,
    "rules": 124.0
}