{
    "frequency": 440,
    "duration": 3,
    "phase_offset": 25.714285714285715,
    "modulating_frequency": 4.4,
    "modulation_index": 0.3,
    "max_amplitude": 0.5,
    "dynamic_range": 1.0,
    "singal_complexity": true,
    "choices": 32.0,
    "conflicts": 0.0,
    "constraints": 7.0,
    "time_total": 0.9779453277587891,
    "time_cpu": 0.859375,
    "time_solve": 0.10300064086914062,
    "time_unsat": 0.0,
    "time_sat": 0.10300064086914062,
    "rules": 124.0
}