{
    "frequency": 440,
    "duration": 7,
    "phase_offset": 8.181818181818182,
    "modulating_frequency": 4.4,
    "modulation_index": 0.7,
    "max_amplitude": 0.5,
    "dynamic_range": 1.0,
    "singal_complexity": true,
    "choices": 41.0,
    "conflicts": 0.0,
    "constraints": 7.0,
    "time_total": 1.2010211944580078,
    "time_cpu": 1.703125,
    "time_solve": 0.2049121856689453,
    "time_unsat": 0.0,
    "time_sat": 0.2049121856689453,
    "rules": 115.0
}