{
    "frequency": 440,
    "duration": 9,
    "phase_offset": 6.666666666666667,
    "modulating_frequency": 4.4,
    "modulation_index": 0.9,
    "max_amplitude": 0.5,
    "dynamic_range": 1.0,
    "singal_complexity": true,
    "choices": 31.0,
    "conflicts": 0.0,
    "constraints": 7.0,
    "time_total": 1.2293949127197266,
    "time_cpu": 1.46875,
    "time_solve": 0.24758148193359375,
    "time_unsat": 0.0,
    "time_sat": 0.24758148193359375,
    "rules": 125.0
}