{
    "frequency": 440,
    "duration": 1,
    "phase_offset": 29.999999999999996,
    "modulating_frequency": 4.4,
    "modulation_index": 0.1,
    "max_amplitude": 0.5,
    "dynamic_range": 1.0,
    "singal_complexity": true,
    "choices": 35.0,
    "conflicts": 0.0,
    "constraints": 7.0,
    "time_total": 0.8920021057128906,
    "time_cpu": 0.796875,
    "time_solve": 0.051006317138671875,
    "time_unsat": 0.0,
    "time_sat": 0.051006317138671875,
    "rules": 121.0
}